date,platform,job_id,title,company,url,status,resume_used
2026-06-15 16:25,RemoteOK,remoteok-1133415,Production Utility,FXI,https://remoteOK.com/remote-jobs/remote-production-utility-fxi-1133415,Collected - Manual Apply,
2026-06-15 16:25,RemoteOK,remoteok-1133414,test,Fluidstack,https://remoteOK.com/remote-jobs/remote-test-fluidstack-1133414,Collected - Manual Apply,
2026-06-15 16:33,LinkedIn,4407950920,QA Automation Engineer â€“ Assistant Vice President,Unknown,https://www.linkedin.com/jobs/view/4407950920/,Collected - Manual Apply,
2026-06-15 16:34,LinkedIn,4429139263,Senior Quality Assurance Automation Engineer,Unknown,https://www.linkedin.com/jobs/view/4429139263/,Collected - Manual Apply,
2026-06-15 16:34,LinkedIn,4427230541,Digital Quality Assurance Analyst II DQA A2 ,Unknown,https://www.linkedin.com/jobs/view/4427230541/,Collected - Manual Apply,
2026-06-15 16:34,LinkedIn,4427714143,Principal Quality Assurance Engineer,Unknown,https://www.linkedin.com/jobs/view/4427714143/,Collected - Manual Apply,
2026-06-15 16:34,LinkedIn,4375921052,Sr. SDET Engineer,Unknown,https://www.linkedin.com/jobs/view/4375921052/,Collected - Manual Apply,
2026-06-15 16:34,LinkedIn,4427770098,Senior Quality Engineer,Unknown,https://www.linkedin.com/jobs/view/4427770098/,Collected - Manual Apply,
2026-06-15 16:34,LinkedIn,4427772000,Senior Quality Assurance and Test Automation Engineer,Unknown,https://www.linkedin.com/jobs/view/4427772000/,Collected - Manual Apply,
2026-06-15 16:34,LinkedIn,4388567488,QA Testing Analyst - Senior,Unknown,https://www.linkedin.com/jobs/view/4388567488/,Collected - Manual Apply,
2026-06-15 16:35,LinkedIn,4400552517,Test Automation Engineer,Unknown,https://www.linkedin.com/jobs/view/4400552517/,Collected - Manual Apply,
2026-06-15 16:35,LinkedIn,4423685045,Quality Automation Engineer,Unknown,https://www.linkedin.com/jobs/view/4423685045/,Skipped - Rate Below $60.0/hr,
2026-06-15 16:35,LinkedIn,4379082073,Staff Quality Engineer,Unknown,https://www.linkedin.com/jobs/view/4379082073/,Collected - Manual Apply,
2026-06-15 16:35,LinkedIn,4427224512,Quality Assurance Specialist,Unknown,https://www.linkedin.com/jobs/view/4427224512/,Collected - Manual Apply,
2026-06-15 16:35,LinkedIn,4427740578,Automation QA with TOSCA,Unknown,https://www.linkedin.com/jobs/view/4427740578/,Collected - Manual Apply,
2026-06-15 16:35,LinkedIn,4427740102,Software Development Engineer in Test (SDET),Unknown,https://www.linkedin.com/jobs/view/4427740102/,Skipped - Rate Below $60.0/hr,
2026-06-15 16:35,LinkedIn,4426424721,"Quality Engineering Lead â€“ Workday, Integrations & AI-Driven Test Automation",Unknown,https://www.linkedin.com/jobs/view/4426424721/,Collected - Manual Apply,
2026-06-15 16:35,LinkedIn,4427762248,Backend QA Tester,Unknown,https://www.linkedin.com/jobs/view/4427762248/,Collected - Manual Apply,
2026-06-15 16:36,LinkedIn,4427748880,Senior Quality Engineer with (Capital Markets / Trading systems),Unknown,https://www.linkedin.com/jobs/view/4427748880/,Collected - Manual Apply,
2026-06-15 16:36,LinkedIn,4429147524,Tester,Unknown,https://www.linkedin.com/jobs/view/4429147524/,Skipped - Rate Below $60.0/hr,
2026-06-15 16:36,LinkedIn,4429126903,Lead Automation Test Engineer,Unknown,https://www.linkedin.com/jobs/view/4429126903/,Collected - Manual Apply,
2026-06-15 16:36,LinkedIn,4428868548,Senior QA Analyst,Unknown,https://www.linkedin.com/jobs/view/4428868548/,Collected - Manual Apply,
2026-06-15 16:36,LinkedIn,4429104687,Quality Assurance Analyst,Unknown,https://www.linkedin.com/jobs/view/4429104687/,Collected - Manual Apply,
2026-06-15 16:36,LinkedIn,4427702789,Software Engineer in Test,Unknown,https://www.linkedin.com/jobs/view/4427702789/,Collected - Manual Apply,
2026-06-15 16:36,LinkedIn,4417544200,Senior Engineer -Manual Testing,Unknown,https://www.linkedin.com/jobs/view/4417544200/,Collected - Manual Apply,
2026-06-15 16:37,LinkedIn,4413612619,Senior QA,Unknown,https://www.linkedin.com/jobs/view/4413612619/,Collected - Manual Apply,
2026-06-15 16:37,LinkedIn,4426432727,Only Local: SDET Lead,Unknown,https://www.linkedin.com/jobs/view/4426432727/,Collected - Manual Apply,
2026-06-15 16:37,LinkedIn,4427711764,Quality Assurance Automation Lead,Unknown,https://www.linkedin.com/jobs/view/4427711764/,Collected - Manual Apply,
2026-06-15 16:37,LinkedIn,4427754807,Quality Assurance Technical Lead,Unknown,https://www.linkedin.com/jobs/view/4427754807/,Collected - Manual Apply,
2026-06-15 16:37,LinkedIn,4428154591,Automation Tester Contractor,Unknown,https://www.linkedin.com/jobs/view/4428154591/,Collected - Manual Apply,
2026-06-15 16:37,LinkedIn,4386840339,Quality Assurance Engineer,Unknown,https://www.linkedin.com/jobs/view/4386840339/,Collected - Manual Apply,
2026-06-15 16:37,LinkedIn,4426420661,Quality Assurance Automation Engineer,Unknown,https://www.linkedin.com/jobs/view/4426420661/,Collected - Manual Apply,
2026-06-15 16:37,LinkedIn,4426439282,Test Analyst,Unknown,https://www.linkedin.com/jobs/view/4426439282/,Collected - Manual Apply,
2026-06-15 16:38,LinkedIn,4427497810,QA Automation Engineer | $80/hr Remote,Unknown,https://www.linkedin.com/jobs/view/4427497810/,Collected - Manual Apply,
2026-06-15 16:38,LinkedIn,4429136676,QA Lead (1088 - Mandatory Oracle Customer Care and Utility domain experience) - US Citizen - Remote - W2 only,Unknown,https://www.linkedin.com/jobs/view/4429136676/,Skipped - Rate Below $60.0/hr,
2026-06-15 16:38,LinkedIn,4428331232,"Manager, Quality Engineering - National Office (Remote)",Unknown,https://www.linkedin.com/jobs/view/4428331232/,Collected - Manual Apply,
2026-06-15 16:38,LinkedIn,4427271859,"ICF Incorporated, LLC: Senior Quality Assurance Engineer â€“ Reston, VA",Unknown,https://www.linkedin.com/jobs/view/4427271859/,Collected - Manual Apply,
2026-06-15 16:38,LinkedIn,4427755843,IATF Automotive Auditor,Unknown,https://www.linkedin.com/jobs/view/4427755843/,Collected - Manual Apply,
2026-06-15 16:38,LinkedIn,4417569045,QA Automation Lead,Unknown,https://www.linkedin.com/jobs/view/4417569045/,Collected - Manual Apply,
2026-06-15 16:38,LinkedIn,4428872152,Turkish Quality Assurance Lead (QAL),Unknown,https://www.linkedin.com/jobs/view/4428872152/,Collected - Manual Apply,
2026-06-15 16:39,LinkedIn,4427722268,Test Analyts,Unknown,https://www.linkedin.com/jobs/view/4427722268/,Collected - Manual Apply,
2026-06-15 16:39,LinkedIn,4425324660,Quality Assurance Tester,Unknown,https://www.linkedin.com/jobs/view/4425324660/,Collected - Manual Apply,
2026-06-15 16:39,LinkedIn,4428828529,Quality Assurance Analyst II,Unknown,https://www.linkedin.com/jobs/view/4428828529/,Collected - Manual Apply,
2026-06-15 16:39,LinkedIn,4421787933,"Software Engineer in Test (Agentic QA, Reliability)",Unknown,https://www.linkedin.com/jobs/view/4421787933/,Collected - Manual Apply,
2026-06-15 16:39,LinkedIn,4427291658,QA Test Lead â€“ Healthcare (PBM / RxClaim),Unknown,https://www.linkedin.com/jobs/view/4427291658/,Collected - Manual Apply,
2026-06-15 16:39,LinkedIn,4428896337,QA Analyst 4,Unknown,https://www.linkedin.com/jobs/view/4428896337/,Collected - Manual Apply,
2026-06-15 16:39,LinkedIn,4427729481,QA Software Engineer (BTP),Unknown,https://www.linkedin.com/jobs/view/4427729481/,Collected - Manual Apply,
2026-06-15 16:40,LinkedIn,4426138957,EIS Program QA/Test Manager (EIS Insurance & Group Benefits),Unknown,https://www.linkedin.com/jobs/view/4426138957/,Collected - Manual Apply,
2026-06-15 16:40,LinkedIn,4427218480,Quality Engineer II - Fandango,Unknown,https://www.linkedin.com/jobs/view/4427218480/,Collected - Manual Apply,
2026-06-15 16:40,LinkedIn,4427764105,QA Analyst,Unknown,https://www.linkedin.com/jobs/view/4427764105/,Collected - Manual Apply,
2026-06-15 16:40,LinkedIn,4427724491,UAT Quality Analyst,Unknown,https://www.linkedin.com/jobs/view/4427724491/,Skipped - Rate Below $60.0/hr,
2026-06-15 16:40,LinkedIn,4329084083,QA Engineering Manager,Unknown,https://www.linkedin.com/jobs/view/4329084083/,Collected - Manual Apply,
2026-06-15 16:40,LinkedIn,4428880965,Test Automation Engineer Lead,Unknown,https://www.linkedin.com/jobs/view/4428880965/,Collected - Manual Apply,
2026-06-15 16:40,LinkedIn,4409824426,Quality Control Lead - Fiber Deployment,Unknown,https://www.linkedin.com/jobs/view/4409824426/,Collected - Manual Apply,
2026-06-15 16:40,LinkedIn,4407966733,Quality Assurance Engineer III (LOC),Unknown,https://www.linkedin.com/jobs/view/4407966733/,Collected - Manual Apply,
2026-06-15 16:40,LinkedIn,4400265264,Associate SDET,Unknown,https://www.linkedin.com/jobs/view/4400265264/,Collected - Manual Apply,
2026-06-15 16:41,LinkedIn,4414369084,Sr. QA Engineer II,Unknown,https://www.linkedin.com/jobs/view/4414369084/,Collected - Manual Apply,
2026-06-15 16:41,LinkedIn,4427470789,Quality Assurance Specialist,Unknown,https://www.linkedin.com/jobs/view/4427470789/,Collected - Manual Apply,
2026-06-15 16:49,LinkedIn,4427495997,Quality Assurance Analyst | Remote,Unknown,https://www.linkedin.com/jobs/view/4427495997/,Collected - Manual Apply,
2026-06-15 16:49,LinkedIn,4425784198,Quality Assurance Analyst,Unknown,https://www.linkedin.com/jobs/view/4425784198/,Collected - Manual Apply,
2026-06-15 16:49,LinkedIn,4427751793,Test Engineer (Healthcare/Facets),Unknown,https://www.linkedin.com/jobs/view/4427751793/,Collected - Manual Apply,
2026-06-15 16:49,LinkedIn,4428878960,Need IVR Voice Tester (French Canadian) :: 100% Remote,Unknown,https://www.linkedin.com/jobs/view/4428878960/,Collected - Manual Apply,
2026-06-15 16:50,LinkedIn,4429122839,Senior Quality Assurance Manager,Unknown,https://www.linkedin.com/jobs/view/4429122839/,Collected - Manual Apply,
2026-06-15 16:50,LinkedIn,4427754600,SDET,Unknown,https://www.linkedin.com/jobs/view/4427754600/,Collected - Manual Apply,
2026-06-15 16:50,LinkedIn,4429138618,GSI Project Site Quality Lead/Responsable QualitÃ© de Site de Projet GSI (GSI Project Site Quality Lead),Unknown,https://www.linkedin.com/jobs/view/4429138618/,Collected - Manual Apply,
2026-06-15 16:50,LinkedIn,4410753067,IT Quality Assurance Analyst,Unknown,https://www.linkedin.com/jobs/view/4410753067/,Collected - Manual Apply,
2026-06-15 16:50,LinkedIn,4426445097,"Product Manager Paid Consultant - Flows, Prototypes, Handoff & Post-Launch QA",Unknown,https://www.linkedin.com/jobs/view/4426445097/,Collected - Manual Apply,
2026-06-15 16:51,LinkedIn,4429143830,Freelance Quality Control Editorial Expert,Unknown,https://www.linkedin.com/jobs/view/4429143830/,Collected - Manual Apply,
2026-06-15 16:51,LinkedIn,4427719898,Senior Quality Assurance Analyst (Automation) - Remote USA,Unknown,https://www.linkedin.com/jobs/view/4427719898/,Collected - Manual Apply,
2026-06-15 16:51,LinkedIn,4427728263,NCino Test Analyst,Unknown,https://www.linkedin.com/jobs/view/4427728263/,Collected - Manual Apply,
2026-06-15 16:51,LinkedIn,4427744535,Quality Assurance Specialist 3 local only,Unknown,https://www.linkedin.com/jobs/view/4427744535/,Collected - Manual Apply,
2026-06-15 16:51,LinkedIn,4426409440,Quality Assurance Analyst (Epic with Mapped record testing ,Unknown,https://www.linkedin.com/jobs/view/4426409440/,Collected - Manual Apply,
2026-06-15 16:51,LinkedIn,4426407802,Salesforce Tester,Unknown,https://www.linkedin.com/jobs/view/4426407802/,Collected - Manual Apply,
2026-06-15 16:52,LinkedIn,4427733659,Test Manager,Unknown,https://www.linkedin.com/jobs/view/4427733659/,Collected - Manual Apply,
2026-06-15 16:52,LinkedIn,4428836919,Automation Test Engineer,Unknown,https://www.linkedin.com/jobs/view/4428836919/,Collected - Manual Apply,
2026-06-15 16:52,LinkedIn,4426405958,Quality Control Manager,Unknown,https://www.linkedin.com/jobs/view/4426405958/,Collected - Manual Apply,
2026-06-15 16:52,LinkedIn,4428862282,C# Quality Assurance Lead (QAL),Unknown,https://www.linkedin.com/jobs/view/4428862282/,Collected - Manual Apply,
2026-06-15 16:52,LinkedIn,4427766020,AI Software Engineer,Unknown,https://www.linkedin.com/jobs/view/4427766020/,Collected - Manual Apply,
2026-06-15 16:53,LinkedIn,4427761131,Senior Software Engineer,Unknown,https://www.linkedin.com/jobs/view/4427761131/,Collected - Manual Apply,
2026-06-15 16:53,LinkedIn,4409597847,Senior QA Engineer (C++),Unknown,https://www.linkedin.com/jobs/view/4409597847/,Collected - Manual Apply,
2026-06-15 16:53,LinkedIn,4426421663,Senior AI/ML Engineer,Unknown,https://www.linkedin.com/jobs/view/4426421663/,Collected - Manual Apply,
2026-06-15 16:53,LinkedIn,4427759849,Principal Software Testing Analyst,Unknown,https://www.linkedin.com/jobs/view/4427759849/,Collected - External Apply,
2026-06-15 16:53,LinkedIn,4429111399,Software Engineer - Model QA and Evaluation,Unknown,https://www.linkedin.com/jobs/view/4429111399/,Collected - Manual Apply,
2026-06-15 16:53,LinkedIn,4426446079,Senior QA Automation Engineer,Unknown,https://www.linkedin.com/jobs/view/4426446079/,Collected - External Apply,
2026-06-15 16:53,LinkedIn,4427750265,Data QA Engineer III,Unknown,https://www.linkedin.com/jobs/view/4427750265/,Collected - Manual Apply,
2026-06-15 16:54,LinkedIn,4427759314,QA Tester,Unknown,https://www.linkedin.com/jobs/view/4427759314/,Collected - External Apply,
2026-06-15 16:54,LinkedIn,4427717589,Generative AI Engineer,Unknown,https://www.linkedin.com/jobs/view/4427717589/,Collected - Manual Apply,
2026-06-15 16:54,LinkedIn,4388593137,Senior Penetration Tester - AI Trainer,Unknown,https://www.linkedin.com/jobs/view/4388593137/,Collected - External Apply,
2026-06-15 16:54,LinkedIn,4428807881,Software Developer (Remote),Unknown,https://www.linkedin.com/jobs/view/4428807881/,Collected - Manual Apply,
2026-06-15 16:54,LinkedIn,4428896944,Test Engineer 100% Remote,Unknown,https://www.linkedin.com/jobs/view/4428896944/,Collected - External Apply,
2026-06-15 16:54,LinkedIn,4429151209,Staff Software Engineer (AI Infrastructure/Python),Unknown,https://www.linkedin.com/jobs/view/4429151209/,Collected - Manual Apply,
2026-06-15 16:54,LinkedIn,4409597847,Senior QA Engineer (C++),Unknown,https://www.linkedin.com/jobs/view/4409597847/,Collected - External Apply,
2026-06-15 16:54,LinkedIn,4427723595,ML OPS Engineer,Unknown,https://www.linkedin.com/jobs/view/4427723595/,Collected - Manual Apply,
2026-06-15 16:54,LinkedIn,4426421663,Senior AI/ML Engineer,Unknown,https://www.linkedin.com/jobs/view/4426421663/,Collected - External Apply,
2026-06-15 16:55,LinkedIn,4425828940,Software Engineer - $75.60 - $95.61 per hour,Unknown,https://www.linkedin.com/jobs/view/4425828940/,Collected - Manual Apply,
2026-06-15 16:55,LinkedIn,4429111399,Software Engineer - Model QA and Evaluation,Unknown,https://www.linkedin.com/jobs/view/4429111399/,Collected - External Apply,
2026-06-15 16:55,LinkedIn,4427760438,Test Engineer (837/835 medical processing),Unknown,https://www.linkedin.com/jobs/view/4427760438/,Collected - Manual Apply,
2026-06-15 16:55,LinkedIn,4428881791,Software Engineer (Remote),Unknown,https://www.linkedin.com/jobs/view/4428881791/,Collected - External Apply,
2026-06-15 16:55,LinkedIn,4427759314,QA Tester,Unknown,https://www.linkedin.com/jobs/view/4427759314/,Collected - Manual Apply,
2026-06-15 16:55,LinkedIn,4427750265,Data QA Engineer III,Unknown,https://www.linkedin.com/jobs/view/4427750265/,Collected - External Apply,
2026-06-15 16:55,LinkedIn,4429131120,Forward Deployed Engineer (AI & Agentic Systems),Unknown,https://www.linkedin.com/jobs/view/4429131120/,Collected - Manual Apply,
2026-06-15 16:55,LinkedIn,4427717589,Generative AI Engineer,Unknown,https://www.linkedin.com/jobs/view/4427717589/,Collected - External Apply,
2026-06-15 16:55,LinkedIn,4427492538,Software Engineer,Unknown,https://www.linkedin.com/jobs/view/4427492538/,Collected - Manual Apply,
2026-06-15 16:55,LinkedIn,4429151209,Staff Software Engineer (AI Infrastructure/Python),Unknown,https://www.linkedin.com/jobs/view/4429151209/,Collected - External Apply,
2026-06-15 16:56,LinkedIn,4429108931,Software Engineer,Unknown,https://www.linkedin.com/jobs/view/4429108931/,Collected - Manual Apply,
2026-06-15 16:56,LinkedIn,4427723595,ML OPS Engineer,Unknown,https://www.linkedin.com/jobs/view/4427723595/,Collected - External Apply,
2026-06-15 16:56,LinkedIn,4429101988,Associate Software Engineer- Automation Tester,Unknown,https://www.linkedin.com/jobs/view/4429101988/,Collected - Manual Apply,
2026-06-15 16:56,LinkedIn,4428878352,Financial Software Engineer (Remote),Unknown,https://www.linkedin.com/jobs/view/4428878352/,Collected - External Apply,
2026-06-15 16:56,LinkedIn,4427707897,AI Forward Deployed Engineer,Unknown,https://www.linkedin.com/jobs/view/4427707897/,Collected - Manual Apply,
2026-06-15 16:56,LinkedIn,4427760438,Test Engineer (837/835 medical processing),Unknown,https://www.linkedin.com/jobs/view/4427760438/,Collected - External Apply,
2026-06-15 16:56,LinkedIn,4427770045,"AI Engineer, Entry Level",Unknown,https://www.linkedin.com/jobs/view/4427770045/,Collected - Manual Apply,
2026-06-15 16:56,LinkedIn,4429131120,Forward Deployed Engineer (AI & Agentic Systems),Unknown,https://www.linkedin.com/jobs/view/4429131120/,Collected - External Apply,
2026-06-15 16:56,LinkedIn,4234374495,"Member of Technical Staff, Search",Unknown,https://www.linkedin.com/jobs/view/4234374495/,Collected - Manual Apply,
2026-06-15 16:56,LinkedIn,4427492538,Software Engineer,Unknown,https://www.linkedin.com/jobs/view/4427492538/,Collected - External Apply,
2026-06-15 16:56,LinkedIn,4428896944,Test Engineer 100% Remote,Unknown,https://www.linkedin.com/jobs/view/4428896944/,Collected - Manual Apply,
2026-06-15 16:57,LinkedIn,4429108931,Software Engineer,Unknown,https://www.linkedin.com/jobs/view/4429108931/,Collected - External Apply,
2026-06-15 16:57,LinkedIn,4428870000,Application Developer,Unknown,https://www.linkedin.com/jobs/view/4428870000/,Collected - Manual Apply,
2026-06-15 16:57,LinkedIn,4429101988,Associate Software Engineer- Automation Tester,Unknown,https://www.linkedin.com/jobs/view/4429101988/,Collected - External Apply,
2026-06-15 16:57,LinkedIn,4427707897,AI Forward Deployed Engineer,Unknown,https://www.linkedin.com/jobs/view/4427707897/,Collected - External Apply,
2026-06-15 16:57,LinkedIn,4427765205,Senior Software Engineer,Unknown,https://www.linkedin.com/jobs/view/4427765205/,Collected - External Apply,
2026-06-15 16:57,LinkedIn,4427770045,"AI Engineer, Entry Level",Unknown,https://www.linkedin.com/jobs/view/4427770045/,Collected - External Apply,
2026-06-15 16:58,LinkedIn,4426416197,Salesforce Tester,Unknown,https://www.linkedin.com/jobs/view/4426416197/,Collected - External Apply,
2026-06-15 16:58,LinkedIn,4428870000,Application Developer,Unknown,https://www.linkedin.com/jobs/view/4428870000/,Collected - External Apply,
2026-06-15 17:06,LinkedIn,4429135855,"AVP, Quality Assurance",Unknown,https://www.linkedin.com/jobs/view/4429135855/,Collected - External Apply,
2026-06-15 17:06,LinkedIn,4379264209,"QA Test Automation Lead, Data Warehouse",Unknown,https://www.linkedin.com/jobs/view/4379264209/,Collected - External Apply,
2026-06-15 17:06,LinkedIn,4427765172,QA Engineer I (WEST),Unknown,https://www.linkedin.com/jobs/view/4427765172/,Collected - External Apply,
2026-06-15 17:06,LinkedIn,4427777029,Senior QA Associate,Unknown,https://www.linkedin.com/jobs/view/4427777029/,Collected - External Apply,
2026-06-15 17:06,LinkedIn,4429141818,Quality Assurance Leads,Unknown,https://www.linkedin.com/jobs/view/4429141818/,Easy Apply - Failed,C:\Users\damav\Downloads\Revathi Battina- Resume.docx
2026-06-15 17:07,LinkedIn,4428888889,Software Engineer in Test (W2),Unknown,https://www.linkedin.com/jobs/view/4428888889/,Easy Apply - Failed,C:\Users\damav\Downloads\Revathi Battina- Resume.docx
2026-06-15 17:07,LinkedIn,4427059147,Python QA Automation Engineer â€“ Front Office Trading Systems #3613435,Unknown,https://www.linkedin.com/jobs/view/4427059147/,Easy Apply - Failed,C:\Users\damav\Downloads\Revathi Battina- Resume.docx
2026-06-15 17:07,LinkedIn,4427775071,QA Analyst,Unknown,https://www.linkedin.com/jobs/view/4427775071/,Collected - External Apply,
2026-06-15 17:07,LinkedIn,4427765208,Department 425 Software Platform Test Engineer,Unknown,https://www.linkedin.com/jobs/view/4427765208/,Collected - External Apply,
2026-06-15 17:07,LinkedIn,4428865936,SDET Consultant,Unknown,https://www.linkedin.com/jobs/view/4428865936/,Collected - External Apply,
2026-06-15 17:07,LinkedIn,4426609378,SDET,Unknown,https://www.linkedin.com/jobs/view/4426609378/,Easy Apply - Failed,C:\Users\damav\Downloads\Revathi Battina- Resume.docx
2026-06-15 17:07,LinkedIn,4429141197,Software Development Engineer in Test III,Unknown,https://www.linkedin.com/jobs/view/4429141197/,Easy Apply - Failed,C:\Users\damav\Downloads\Revathi Battina- Resume.docx
2026-06-15 17:07,LinkedIn,4425798309,Senior Software Engineer in Test (SDET),Unknown,https://www.linkedin.com/jobs/view/4425798309/,Collected - External Apply,
2026-06-15 17:08,LinkedIn,4428892182,Quality Assurance Engineer,Unknown,https://www.linkedin.com/jobs/view/4428892182/,Easy Apply - Failed,C:\Users\damav\Downloads\Revathi Battina- Resume.docx
2026-06-15 17:08,LinkedIn,4427977263,"Software Engineer in Test Automation / QE Engineering - Austin, TX - Hybrid (3 Days Onsite/Week) - Contract - eBay - EBAYJP00024520",Unknown,https://www.linkedin.com/jobs/view/4427977263/,Easy Apply - Failed,C:\Users\damav\Downloads\Revathi Battina- Resume.docx
2026-06-15 17:08,LinkedIn,4426403279,Software Engineer in Test,Unknown,https://www.linkedin.com/jobs/view/4426403279/,Easy Apply - Failed,C:\Users\damav\Downloads\Revathi Battina- Resume.docx
2026-06-15 17:08,LinkedIn,4428873904,Software Engineer IV/ Quality Engineer (SDET),Unknown,https://www.linkedin.com/jobs/view/4428873904/,Easy Apply - Failed,C:\Users\damav\Downloads\Revathi Battina- Resume.docx
2026-06-15 17:08,LinkedIn,4427731940,Software Engineer in Test,Unknown,https://www.linkedin.com/jobs/view/4427731940/,Easy Apply - Failed,C:\Users\damav\Downloads\Revathi Battina- Resume.docx
2026-06-15 17:08,LinkedIn,4427760103,Senior Test Automation Tools Developer,Unknown,https://www.linkedin.com/jobs/view/4427760103/,Collected - External Apply,
2026-06-15 17:09,LinkedIn,4426401515,Quality Assurance Automation Engineer,Unknown,https://www.linkedin.com/jobs/view/4426401515/,Easy Apply - Failed,C:\Users\damav\Downloads\Revathi Battina- Resume.docx
2026-06-15 17:09,LinkedIn,4428873169,Go Quality Assurance Lead (QAL),Unknown,https://www.linkedin.com/jobs/view/4428873169/,Collected - External Apply,
2026-06-15 17:09,LinkedIn,4427761415,Senior Mainframe Automation Migration Engineer,Unknown,https://www.linkedin.com/jobs/view/4427761415/,Easy Apply - Failed,C:\Users\damav\Downloads\Revathi Battina- Resume.docx
2026-06-15 17:22,LinkedIn,4428677400,Quality Assurance Engineer,Unknown,https://www.linkedin.com/jobs/view/4428677400/,Easy Apply - Click to Apply,
2026-06-15 17:22,LinkedIn,4427757926,"Engineer, Test Development",Unknown,https://www.linkedin.com/jobs/view/4427757926/,Collected - External Apply,
2026-06-15 17:22,LinkedIn,4427772187,End User Migration QE Lead,Unknown,https://www.linkedin.com/jobs/view/4427772187/,Collected - External Apply,
2026-06-15 17:22,LinkedIn,4427745888,Mobile QA Engineer,Unknown,https://www.linkedin.com/jobs/view/4427745888/,Easy Apply - Click to Apply,
2026-06-15 17:22,LinkedIn,4427716642,Quality Assurance Engineer,Unknown,https://www.linkedin.com/jobs/view/4427716642/,Easy Apply - Click to Apply,
2026-06-15 17:23,LinkedIn,4427595192,Quality Assurance Test Lead,Unknown,https://www.linkedin.com/jobs/view/4427595192/,Easy Apply - Click to Apply,
2026-06-15 17:23,LinkedIn,4427753437,Salesforce Tester,Unknown,https://www.linkedin.com/jobs/view/4427753437/,Collected - External Apply,
2026-06-15 17:23,LinkedIn,4428864275,Kotlin Quality Assurance Lead (QAL),Unknown,https://www.linkedin.com/jobs/view/4428864275/,Collected - External Apply,
2026-06-15 17:23,LinkedIn,4429113225,Quality Engineer,Unknown,https://www.linkedin.com/jobs/view/4429113225/,Collected - External Apply,
2026-06-15 17:23,LinkedIn,4428885224,Test Development Engineer,Unknown,https://www.linkedin.com/jobs/view/4428885224/,Collected - External Apply,
2026-06-15 17:23,LinkedIn,4427060313,Automotive Test Automation Engineer   ,Unknown,https://www.linkedin.com/jobs/view/4427060313/,Easy Apply - Click to Apply,
2026-06-15 17:23,LinkedIn,4429112161,Automation Test Engineer,Unknown,https://www.linkedin.com/jobs/view/4429112161/,Collected - External Apply,
2026-06-15 17:24,LinkedIn,4428862283,PHP Quality Assurance Lead (QAL),Unknown,https://www.linkedin.com/jobs/view/4428862283/,Collected - External Apply,
2026-06-15 17:24,LinkedIn,4426420091,Salesforce Tester with Healthcare exp - 100% Remote ,Unknown,https://www.linkedin.com/jobs/view/4426420091/,Easy Apply - Click to Apply,
2026-06-15 17:38,LinkedIn,4427765306,"Director, Food Safety & Quality",Unknown,https://www.linkedin.com/jobs/view/4427765306/,Easy Apply - Failed,C:\Users\damav\Downloads\Revathi Battina- Resume.docx
2026-06-15 17:38,LinkedIn,4429166034,Automation Test Engineer ,Unknown,https://www.linkedin.com/jobs/view/4429166034/,Easy Apply - Failed,C:\Users\damav\Downloads\Revathi Battina- Resume.docx
2026-06-15 17:38,LinkedIn,4429162009,Software Development Engineer in Test (SDET),Unknown,https://www.linkedin.com/jobs/view/4429162009/,Collected - External Apply,
2026-06-15 17:38,LinkedIn,4426450100,Senior Software QA,Unknown,https://www.linkedin.com/jobs/view/4426450100/,Collected - External Apply,
2026-06-15 17:38,LinkedIn,4426458216,Software Quality Assurance Engineer,Unknown,https://www.linkedin.com/jobs/view/4426458216/,Easy Apply - Failed,C:\Users\damav\Downloads\Revathi Battina- Resume.docx
2026-06-15 17:38,LinkedIn,4427757945,QA Analyst,Unknown,https://www.linkedin.com/jobs/view/4427757945/,Collected - External Apply,
2026-06-15 17:39,LinkedIn,4378368347,Quality Systems Manager - AI Trainer,Unknown,https://www.linkedin.com/jobs/view/4378368347/,Collected - External Apply,
2026-06-15 17:41,LinkedIn,4429162054,"Lead, QA",Unknown,https://www.linkedin.com/jobs/view/4429162054/,Collected - External Apply,
2026-06-15 17:41,LinkedIn,4429136999,QA Lead Engineer,Unknown,https://www.linkedin.com/jobs/view/4429136999/,Collected - External Apply,
2026-06-15 17:41,LinkedIn,4426456152,Test Engineer (API),Unknown,https://www.linkedin.com/jobs/view/4426456152/,Collected - External Apply,
2026-06-15 17:41,LinkedIn,4427490887,Senior Software Development Engineer in Test (SDET),Unknown,https://www.linkedin.com/jobs/view/4427490887/,Collected - External Apply,
2026-06-15 17:41,LinkedIn,4428887163,Test Automation Engineer Lead,Unknown,https://www.linkedin.com/jobs/view/4428887163/,Collected - External Apply,
2026-06-15 17:48,LinkedIn,4427776212,Senior Software QA,Unknown,https://www.linkedin.com/jobs/view/4427776212/,Easy Apply - Click to Apply,C:\Users\damav\Downloads\Revathi Battina- Resume.docx
2026-06-15 17:48,LinkedIn,4429169015,Senior Test Engineer,Unknown,https://www.linkedin.com/jobs/view/4429169015/,Collected - External Apply,
2026-06-15 17:58,Adzuna,adzuna-5764470940,Environmental Program Manager I,"HydroGeoLogic, Inc",https://www.adzuna.com/land/ad/5764470940?se=MGfKsQ1p8RGmpfo0sbJdLA&utm_medium=api&utm_source=ec0e03db&v=D62F7741A7F9163B5D2BBED94ACA9F82A038EF9E,Collected - Manual Apply,
2026-06-15 18:03,Adzuna,adzuna-5764173288,Quality Assurance Specialist {170382},A-Line Staffing Solutions LLC,https://www.adzuna.com/details/5764173288?utm_medium=api&utm_source=ec0e03db,Skipped - Rate Below $50.0/hr,
2026-06-15 22:41,LinkedIn,4427742054,Quality Assurance Engineer,"LanceSoft, Inc.",https://www.linkedin.com/jobs/view/4427742054/,Easy Apply - Click to Apply,resume.docx
2026-06-15 22:43,LinkedIn,4428880127,Quality Manager,"Whitmore Manufacturing, LLC",https://www.linkedin.com/jobs/view/4428880127/,Easy Apply - Applied,resume.docx
2026-06-15 22:47,LinkedIn,4428002272,Product Quality Analyst (Consumer Goods),Swoon,https://www.linkedin.com/jobs/view/4428002272/,Easy Apply - Click to Apply,resume.docx
2026-06-15 22:48,LinkedIn,4428890952,Manual QA Tester,IRIS Consulting LLC,https://www.linkedin.com/jobs/view/4428890952/,Easy Apply - Click to Apply,resume.docx
2026-06-15 22:48,LinkedIn,4429118136,Quality Assurance Test Automation Engineer (8895),Morton,https://www.linkedin.com/jobs/view/4429118136/,Collected - External Apply,
2026-06-15 22:49,LinkedIn,4427792736,"QA Lead, Quality Engineering (The Architect of ""It Just Works"")",RTA: The Fleet Success Company,https://www.linkedin.com/jobs/view/4427792736/,Easy Apply - Click to Apply,resume.docx
2026-06-15 22:49,LinkedIn,4429152777,QA Engineer,Apex Systems,https://www.linkedin.com/jobs/view/4429152777/,Collected - External Apply,
2026-06-15 22:49,LinkedIn,4427795044,QA Automation Engineer,Fubo,https://www.linkedin.com/jobs/view/4427795044/,Collected - External Apply,
2026-06-15 22:51,LinkedIn,4427775556,Senior QA Automation Engineer with trading platform experience,Droisys,https://www.linkedin.com/jobs/view/4427775556/,Easy Apply - Click to Apply,resume.docx
2026-06-15 22:51,LinkedIn,4427799520,Test Lead / SDET (AI Testing),Cognizant,https://www.linkedin.com/jobs/view/4427799520/,Collected - External Apply,
2026-06-15 22:52,LinkedIn,4427716024,Backend QA Tester,Forbes Technical Consulting,https://www.linkedin.com/jobs/view/4427716024/,Easy Apply - Click to Apply,resume.docx
2026-06-15 22:53,LinkedIn,4428839181,Quality Assurance Automation Engineer,Stelvio Inc.,https://www.linkedin.com/jobs/view/4428839181/,Easy Apply - Click to Apply,resume.docx
2026-06-15 22:53,LinkedIn,4417232556,Quality Assurance & Training Specialist,Quo,https://www.linkedin.com/jobs/view/4417232556/,Collected - External Apply,
2026-06-15 22:53,LinkedIn,4427767364,LoadRunner Performance Tester | Remote,Trace3,https://www.linkedin.com/jobs/view/4427767364/,Collected - External Apply,
2026-06-15 22:53,LinkedIn,4429164346,Workday Test Analyst (Remote),SOLV Energy,https://www.linkedin.com/jobs/view/4429164346/,Collected - External Apply,
2026-06-15 22:54,LinkedIn,4429219079,QA Engineer,Bridgeway Benefit Technologies,https://www.linkedin.com/jobs/view/4429219079/,Collected - External Apply,
2026-06-15 22:54,LinkedIn,4429213183,Automated Software Test Engineer,"T-Rex Solutions, LLC",https://www.linkedin.com/jobs/view/4429213183/,Collected - External Apply,
2026-06-15 22:54,LinkedIn,4416956144,Quality Assurance Manager,"Kalon Executive Search for Nutraceuticals, CPG and Wellness",https://www.linkedin.com/jobs/view/4416956144/,Collected - External Apply,
2026-06-15 22:54,LinkedIn,4427480476,.URGENT NEED - QA Project Manager - REMOTE - Need New York Local Candidates,Pinnacle Method Consulting,https://www.linkedin.com/jobs/view/4427480476/,Collected - External Apply,
2026-06-15 22:55,LinkedIn,4427740644,"Quality Control Inspectors I, II, & III","SUGIYO USA, Inc.",https://www.linkedin.com/jobs/view/4427740644/,Easy Apply - Applied,resume.docx
2026-06-15 22:57,LinkedIn,4429193208,ServiceNow QA,Comptech Associates,https://www.linkedin.com/jobs/view/4429193208/,Easy Apply - Click to Apply,resume.docx
2026-06-15 22:58,LinkedIn,4428867636,Dental QA Supervisor ,iCore,https://www.linkedin.com/jobs/view/4428867636/,Easy Apply - Click to Apply,resume.docx
2026-06-15 22:58,LinkedIn,4429173888,Senior Mobile Test Engineer,Fidelity Investments,https://www.linkedin.com/jobs/view/4429173888/,Collected - External Apply,
2026-06-15 22:58,LinkedIn,4428011602,Sr SDET,Randstad Digital Americas,https://www.linkedin.com/jobs/view/4428011602/,Skipped - Rate Below $50.0/hr,
2026-06-15 22:59,LinkedIn,4428856729,Senior QA Engineer,Selby Jennings,https://www.linkedin.com/jobs/view/4428856729/,Easy Apply - Click to Apply,resume.docx
2026-06-15 22:59,LinkedIn,4406708844,Senior Software Development Engineer in Test,Elite Technology,https://www.linkedin.com/jobs/view/4406708844/,Collected - External Apply,
2026-06-15 22:59,LinkedIn,4428814727,"QA Engineer, Automation",Sundayy,https://www.linkedin.com/jobs/view/4428814727/,Collected - External Apply,
2026-06-15 23:01,LinkedIn,4427700807,"Quality Engineer, AI Native",Insight Global,https://www.linkedin.com/jobs/view/4427700807/,Easy Apply - Click to Apply,resume.docx
2026-06-15 23:01,LinkedIn,4427798241,Senior Integration and Test Engineer FULL TIME REMOTE,Jobs via Dice,https://www.linkedin.com/jobs/view/4427798241/,Collected - External Apply,
2026-06-15 23:02,LinkedIn,4427769245,QA Engineer,FetchJobs.co,https://www.linkedin.com/jobs/view/4427769245/,Collected - External Apply,
2026-06-15 21:35,LinkedIn,4427793115,Senior QA Analyst (Remote),Cella,https://www.linkedin.com/jobs/view/4427793115/,Collected - External Apply,
2026-06-15 21:35,LinkedIn,4428693290,"AI QA, AVP-2",State Street,https://www.linkedin.com/jobs/view/4428693290/,Collected - External Apply,
2026-06-15 21:35,LinkedIn,4413498790,Sr QA Analyst/Test Engineer,DMI,https://www.linkedin.com/jobs/view/4413498790/,Collected - External Apply,
2026-06-15 21:36,LinkedIn,4426386325,Test Automation Engineer,Anblicks,https://www.linkedin.com/jobs/view/4426386325/,Easy Apply - Click to Apply,C:\Users\damav\Downloads\Revathi Battina- Resume.docx
2026-06-15 21:36,LinkedIn,4429164846,Quality Assurance Senior Analyst,CVS Health,https://www.linkedin.com/jobs/view/4429164846/,Collected - External Apply,
2026-06-15 21:37,LinkedIn,4428868227,Java Quality Assurance Lead (QAL),SME Careers,https://www.linkedin.com/jobs/view/4428868227/,Collected - External Apply,
2026-06-15 21:38,LinkedIn,4428871179,Quality Assurance Quality Control Supervisor,COGENT Infotech,https://www.linkedin.com/jobs/view/4428871179/,Easy Apply - Click to Apply,C:\Users\damav\Downloads\Revathi Battina- Resume.docx
2026-06-15 21:38,LinkedIn,4429203138,Quality Automation Engineer,Kizen,https://www.linkedin.com/jobs/view/4429203138/,Collected - External Apply,
2026-06-15 21:39,LinkedIn,4427775556,Senior QA Automation Engineer with trading platform experience,Droisys,https://www.linkedin.com/jobs/view/4427775556/,Easy Apply - Click to Apply,C:\Users\damav\Downloads\Revathi Battina- Resume.docx
2026-06-15 21:39,LinkedIn,4428814727,"QA Engineer, Automation",Sundayy,https://www.linkedin.com/jobs/view/4428814727/,Collected - External Apply,
2026-06-15 21:40,LinkedIn,4428839181,Quality Assurance Automation Engineer,Stelvio Inc.,https://www.linkedin.com/jobs/view/4428839181/,Easy Apply - Click to Apply,C:\Users\damav\Downloads\Revathi Battina- Resume.docx
2026-06-15 21:41,LinkedIn,4427756419,Quality Technician III,IFT Worldwide,https://www.linkedin.com/jobs/view/4427756419/,Easy Apply - Click to Apply,C:\Users\damav\Downloads\Revathi Battina- Resume.docx
2026-06-15 21:41,LinkedIn,4428014267,Quality Assurance Analyst,ARSIEM Corporation,https://www.linkedin.com/jobs/view/4428014267/,Collected - External Apply,
2026-06-15 21:41,LinkedIn,4406708844,Senior Software Development Engineer in Test,Elite Technology,https://www.linkedin.com/jobs/view/4406708844/,Collected - External Apply,
2026-06-15 21:41,LinkedIn,4425790065,Senior QA Lead - Architect,Ladders,https://www.linkedin.com/jobs/view/4425790065/,Collected - External Apply,
2026-06-15 21:41,LinkedIn,4427727358,QA Engineer,Pennant,https://www.linkedin.com/jobs/view/4427727358/,Collected - External Apply,
2026-06-15 21:41,LinkedIn,4428011150,Associate Software Engineer- Automation Tester,Jobs via Dice,https://www.linkedin.com/jobs/view/4428011150/,Collected - External Apply,
2026-06-15 21:42,LinkedIn,4427700807,"Quality Engineer, AI Native",Insight Global,https://www.linkedin.com/jobs/view/4427700807/,Easy Apply - Click to Apply,C:\Users\damav\Downloads\Revathi Battina- Resume.docx
2026-06-15 21:42,LinkedIn,4427769245,QA Engineer,FetchJobs.co,https://www.linkedin.com/jobs/view/4427769245/,Collected - External Apply,
2026-06-15 21:43,LinkedIn,4427480476,.URGENT NEED - QA Project Manager - REMOTE - Need New York Local Candidates,Pinnacle Method Consulting,https://www.linkedin.com/jobs/view/4427480476/,Collected - External Apply,
2026-06-15 21:43,LinkedIn,4426402468,QA Manager,Bitwarden,https://www.linkedin.com/jobs/view/4426402468/,Easy Apply - Click to Apply,C:\Users\damav\Downloads\Revathi Battina- Resume.docx
2026-06-15 21:44,LinkedIn,4427727736,Test Validation Engineer,STONEGATE TECHNOLOGIES LLC,https://www.linkedin.com/jobs/view/4427727736/,Easy Apply - Click to Apply,C:\Users\damav\Downloads\Revathi Battina- Resume.docx
2026-06-15 21:44,LinkedIn,4386192531,"QA Engineering Lead, AI Native",Meta,https://www.linkedin.com/jobs/view/4386192531/,Collected - External Apply,
2026-06-15 21:45,LinkedIn,4427795044,QA Automation Engineer,Fubo,https://www.linkedin.com/jobs/view/4427795044/,Collected - External Apply,
2026-06-15 21:45,LinkedIn,4427722260,Software Engineer in Test,"Stellar Consulting Solutions, LLC",https://www.linkedin.com/jobs/view/4427722260/,Easy Apply - Click to Apply,C:\Users\damav\Downloads\Revathi Battina- Resume.docx
2026-06-15 21:46,LinkedIn,4428823666,QA / Test Engineer,Sundayy,https://www.linkedin.com/jobs/view/4428823666/,Collected - External Apply,
2026-06-15 22:00,LinkedIn,4427738142,#22854- Test Manager,Qualitest,https://www.linkedin.com/jobs/view/4427738142/,Collected - External Apply,
2026-06-15 22:00,LinkedIn,4427799520,Test Lead / SDET (AI Testing),Cognizant,https://www.linkedin.com/jobs/view/4427799520/,Collected - External Apply,
2026-06-15 22:00,LinkedIn,4429219079,QA Engineer,Bridgeway Benefit Technologies,https://www.linkedin.com/jobs/view/4429219079/,Collected - External Apply,
2026-06-15 22:01,LinkedIn,4417230606,Software Engineer in Test,Mastech Digital,https://www.linkedin.com/jobs/view/4417230606/,Easy Apply - Click to Apply,C:\Users\damav\Downloads\Revathi Battina- Resume.docx
2026-06-15 22:01,LinkedIn,4428870188,TypeScript Quality Assurance Lead (QAL),SME Careers,https://www.linkedin.com/jobs/view/4428870188/,Collected - External Apply,
2026-06-15 22:01,LinkedIn,4428867242,C++ Quality Assurance Lead (QAL),SME Careers,https://www.linkedin.com/jobs/view/4428867242/,Collected - External Apply,
2026-06-15 22:01,LinkedIn,4429213183,Automated Software Test Engineer,"T-Rex Solutions, LLC",https://www.linkedin.com/jobs/view/4429213183/,Collected - External Apply,
2026-06-16 07:50,LinkedIn,4427781112,LoadRunner Performance Tester | Remote,Trace3,https://www.linkedin.com/jobs/view/4427781112/,Collected - External Apply,
2026-06-16 07:51,LinkedIn,4426478755,Senior Test Automation Analyst,JPMorganChase,https://www.linkedin.com/jobs/view/4426478755/,Collected - External Apply,
2026-06-16 07:51,LinkedIn,4426819215,Senior Quality Assurance Automation Engineer,SoTalent,https://www.linkedin.com/jobs/view/4426819215/,Collected - External Apply,
2026-06-16 07:55,LinkedIn,4429126760,Quality Assurance Engineer,Integration International Inc.,https://www.linkedin.com/jobs/view/4429126760/,Easy Apply - Click to Apply,resume.docx
2026-06-16 07:55,LinkedIn,4426822311,QA Engineer,Oliver James,https://www.linkedin.com/jobs/view/4426822311/,Collected - External Apply,
2026-06-16 07:55,LinkedIn,4429236636,Software Engineer II- Test Automation,hackajob,https://www.linkedin.com/jobs/view/4429236636/,Collected - External Apply,
2026-06-16 07:56,LinkedIn,4426474533,Quality Assurance Engineer,Haystack,https://www.linkedin.com/jobs/view/4426474533/,Collected - External Apply,
2026-06-16 07:56,LinkedIn,4409850609,Test Engineer Senior (Manual),General Dynamics Information Technology,https://www.linkedin.com/jobs/view/4409850609/,Collected - External Apply,
2026-06-16 07:56,LinkedIn,4427719014,QA Engineer – Windows Systems & Driver Validation,Sustainable Talent,https://www.linkedin.com/jobs/view/4427719014/,Collected - External Apply,
2026-06-16 07:57,LinkedIn,4426477079,"Quality Assurance Automation Engineer (Playwright, GenAI, Copilot)","Reqroute, Inc",https://www.linkedin.com/jobs/view/4426477079/,Easy Apply - Click to Apply,resume.docx
2026-06-16 07:57,LinkedIn,4428006771,(USA) Senior Quality Engineer,VIZIO,https://www.linkedin.com/jobs/view/4428006771/,Collected - External Apply,
2026-06-16 07:57,LinkedIn,4418375030,Enterprise Quality Program Test Lead,Seneca Resources,https://www.linkedin.com/jobs/view/4418375030/,Collected - External Apply,
2026-06-16 07:57,LinkedIn,4039035050,SQA Contract Auditor – ISO 9001/ ISO 14001 / ISO 45001 / ISO 13485 / IATF 16949 / AS 91XX / ISO 27001,Smithers,https://www.linkedin.com/jobs/view/4039035050/,Collected - External Apply,
2026-06-16 07:57,LinkedIn,4429255218,"QA Engineer, Manual",Sundayy,https://www.linkedin.com/jobs/view/4429255218/,Collected - External Apply,
2026-06-16 07:58,LinkedIn,4428022481,QA Analyst – Trading Data & Pricing,PrizePicks,https://www.linkedin.com/jobs/view/4428022481/,Collected - External Apply,
2026-06-16 07:58,LinkedIn,4429168320,Workday Test Analyst (Remote),SOLV Energy,https://www.linkedin.com/jobs/view/4429168320/,Collected - External Apply,
2026-06-16 07:58,LinkedIn,4418432048,Software Developer/Software Engineer in Test,General Dynamics Information Technology,https://www.linkedin.com/jobs/view/4418432048/,Collected - External Apply,
2026-06-16 08:02,LinkedIn,4427743324,Regional Quality Control Manager,Concrete Strategies LLC.,https://www.linkedin.com/jobs/view/4427743324/,Easy Apply - Click to Apply,resume.docx
2026-06-16 08:07,LinkedIn,4403537990,Quality Manager,GForce Life Sciences,https://www.linkedin.com/jobs/view/4403537990/,Easy Apply - Click to Apply,resume.docx
2026-06-16 08:07,LinkedIn,4429213489,IT Testing Analyst,TriWest Healthcare Alliance,https://www.linkedin.com/jobs/view/4429213489/,Collected - External Apply,
2026-06-16 08:08,LinkedIn,4428003952,Automation QA Engineer,FPT Software,https://www.linkedin.com/jobs/view/4428003952/,Easy Apply - Click to Apply,resume.docx
2026-06-16 08:08,LinkedIn,4429284270,QA Analyst,RemoteHunter,https://www.linkedin.com/jobs/view/4429284270/,Collected - External Apply,
2026-06-16 08:09,LinkedIn,4427725950,Software Engineer in Test (Only W2),ATC,https://www.linkedin.com/jobs/view/4427725950/,Easy Apply - Applied,resume.docx
2026-06-16 08:10,LinkedIn,4426822004,"Sr. Software Development Engineer Test, Fuse",Amazon,https://www.linkedin.com/jobs/view/4426822004/,Collected - External Apply,
2026-06-16 08:10,LinkedIn,4363621252,SDET (Software Development Engineer in Test),Apex Fintech Solutions,https://www.linkedin.com/jobs/view/4363621252/,Collected - External Apply,
2026-06-16 08:11,LinkedIn,4428882056,Mobile & UI Automation Engineer,Talent Groups,https://www.linkedin.com/jobs/view/4428882056/,Easy Apply - Click to Apply,resume.docx
2026-06-16 08:11,LinkedIn,4207822098,"Java Automation Software Engineer, Senior",JPMorganChase,https://www.linkedin.com/jobs/view/4207822098/,Collected - External Apply,
2026-06-16 08:11,LinkedIn,4429246055,Software Development Engineer in Test (SDET),Frontier Direct Care,https://www.linkedin.com/jobs/view/4429246055/,Collected - External Apply,
2026-06-16 08:11,LinkedIn,4429518564,AI Automation Engineer,The Mutual Group,https://www.linkedin.com/jobs/view/4429518564/,Collected - External Apply,
2026-06-16 08:11,LinkedIn,4427715774,"Software Engineer, Agents & Automations",Cohere,https://www.linkedin.com/jobs/view/4427715774/,Collected - External Apply,
2026-06-16 08:44,LinkedIn,4429526371,ServiceNow Automation Tester,PTR Global,https://www.linkedin.com/jobs/view/4429526371/,Easy Apply - Applied,resume.docx
2026-06-16 08:44,LinkedIn,4426434055,Senior Quality Systems Specialist,Cleveland-Cliffs,https://www.linkedin.com/jobs/view/4426434055/,Collected - External Apply,
2026-06-16 08:44,LinkedIn,4408697205,Functional QA/Tester,Tata Consultancy Services,https://www.linkedin.com/jobs/view/4408697205/,Collected - External Apply,
2026-06-16 08:44,LinkedIn,4428881789,Manager of Quality,Unknown,https://www.linkedin.com/jobs/view/4428881789/,Collected - External Apply,
2026-06-16 08:44,LinkedIn,4426407492,QA Engineer - $50.48 - $76.92 per hour,7Seventy Recruiting,https://www.linkedin.com/jobs/view/4426407492/,Collected - External Apply,
2026-06-16 08:45,LinkedIn,4361386421,Complex SQL UAT Tester,Kforce Inc,https://www.linkedin.com/jobs/view/4361386421/,Collected - External Apply,
2026-06-16 08:46,LinkedIn,4426822756,Software Quality Assurance Engineer,HES Energy Storage,https://www.linkedin.com/jobs/view/4426822756/,Easy Apply - Applied,resume.docx
2026-06-16 08:46,LinkedIn,4429533161,Quality Assurance Automation Specialist (Remote),Hire Feed,https://www.linkedin.com/jobs/view/4429533161/,Collected - External Apply,
2026-06-16 08:48,LinkedIn,4429532074,QA Manager,Robert Half,https://www.linkedin.com/jobs/view/4429532074/,Easy Apply - Click to Apply,resume.docx
2026-06-16 08:50,LinkedIn,4429519826,nCino Test Engineer,RIIM,https://www.linkedin.com/jobs/view/4429519826/,Easy Apply - Click to Apply,resume.docx
2026-06-16 08:50,LinkedIn,4429170279,Workday Test Analyst (Remote),SOLV Energy,https://www.linkedin.com/jobs/view/4429170279/,Collected - External Apply,
2026-06-16 08:52,LinkedIn,4429191916,ServiceNow Tester,Comptech Associates,https://www.linkedin.com/jobs/view/4429191916/,Easy Apply - Click to Apply,resume.docx
2026-06-16 08:52,LinkedIn,4361495333,"Senior Analyst, Compliance Quality Operations",Circle,https://www.linkedin.com/jobs/view/4361495333/,Collected - External Apply,
2026-06-16 08:55,LinkedIn,4427731393,Software Engineer in Test - Strong Robot Framework and Python,Smart IT Frame LLC,https://www.linkedin.com/jobs/view/4427731393/,Easy Apply - Click to Apply,resume.docx
2026-06-16 08:56,LinkedIn,4429522728,Software Engineer in Test,Quantum World Technologies Inc.,https://www.linkedin.com/jobs/view/4429522728/,Easy Apply - Applied,resume.docx
2026-06-16 08:57,LinkedIn,4425876278,"QA Engineer - Onsite - Pittsburgh, PA or Dallas, TX - Direct Client - JOBID732","Outcome Logix ( A Tech 50 Finalist company  2025 and 2022, by Pittsburgh Technology Council )",https://www.linkedin.com/jobs/view/4425876278/,Easy Apply - Applied,resume.docx
2026-06-16 08:58,LinkedIn,4428040337,W2 contract || Salesforce Quality Engineer,Noblesoft Technologies,https://www.linkedin.com/jobs/view/4428040337/,Easy Apply - Applied,resume.docx
2026-06-16 09:07,LinkedIn,4428159106,RCI-HOLX-1722 Software Development Engineer in Test,Rangam,https://www.linkedin.com/jobs/view/4428159106/,Easy Apply - Click to Apply,resume.docx
